Bore Name,Bore ID,Basin,GDA94 Lat,GDA94 Long,Heat Flow (mWm-2),Error (± mWm-2),Confidence Rating,Depth logged (m),Source,,,,
SARC012D,,Bedrock,664771.992452769,5870506.03171663,64,2,GOOD,376,Taylor et al. 2016,,,,
SMD002,,Bedrock,643548.991559581,5833804.04071933,60,3,MODERATE,377,Taylor et al. 2016,,,,
SMD004,,Bedrock,641369.030138329,5836282.96926773,75,5,GOOD,535,Taylor et al. 2016,,,,
Stavely 1,,Bedrock,664885.974764996,5790526.01708337,80,8,GOOD,230,Taylor et al. 2016,,,,
Stavely 11,,Bedrock,586306.00131306,5930514.96058732,63,14,MODERATE,161,Taylor et al. 2016,,,,
Stavely 7,,Bedrock,617383.964285131,5905832.00635891,52,4,GOOD,500,Taylor et al. 2016,,,,
Stavely 9,,Bedrock,603378.015620447,5926714.03464924,47,7,POOR,164,Taylor et al. 2016,,,,
Stawell SD25,,Bedrock,657905.042051158,5899488.01846596,86,16,POOR,291,Taylor et al. 2016,,,,
VIMP 14,,Bedrock,620659.321697834,5967318.39172099,76,8,GOOD,195,Taylor et al. 2016,,,,
VIMP 3,,Bedrock,589220.193352812,5920677.66648258,71,8,GOOD,132,Taylor et al. 2016,,,,
Ballan Road 2,,Bedrock,813463.87444147,5806066.75755558,86,9,GOOD,241,Taylor 2017,,,,
Greek Hill,,Bedrock,820694.340133942,5809044.52736381,97,9,GOOD,239,Taylor 2017,,,,
Addington,,Bedrock,735911.159228932,5855956.21276029,84,8,GOOD,292,Taylor & Mather 2015,,,,
Arcadia 6,46139,Murray,893868.229618372,5951681.52464857,89,15,POOR,110,Taylor & Mather 2015,,,,
Ardno 2,46217,Otway,497516.680279906,5818782.21693737,53,7,POOR,159,Taylor & Mather 2015,,,,
Babatchio 20141,112185,Murray,575514.965967795,6010069.05029589,54,6,MODERATE,212,Taylor & Mather 2015,,,,
Bael Bael 3,46917,Murray,750795.043123016,6050377.00834856,74,14,POOR,89,Taylor & Mather 2015,,,,
Bairnsdale 15005,47063,Gippsland,1082745.88182218,5784148.4209724,88,4,GOOD,574,Taylor & Mather 2015,,,,
Balrootan 15,47503,Murray,559145.996630299,5979329.94924994,64,6,MODERATE,290,Taylor & Mather 2015,,,,
Baulkamaugh 29,48282,Murray,899368.206314726,6003455.44344342,63,10,POOR,137,Taylor & Mather 2015,,,,
Baynton 1,,Bedrock,823437.942524622,5883757.16435324,73,7,MODERATE,312,Taylor & Mather 2015,,,,
Beewar 15002,48559,Murray,526598.971841183,5946491.96233263,50,4,POOR,152,Taylor & Mather 2015,,,,
Belfast 4,48560,Otway,605789.187240711,5750799.25398971,51,10,POOR,665,Taylor & Mather 2015,,,,
Bellarine 1,,Otway,781189.791303098,5757727.96649609,90,9,POOR,808,Taylor & Mather 2015,,,,
Benjeroop 79,49563,Murray,755169.969716195,6072183.97999253,60,5,MODERATE,214,Taylor & Mather 2015,,,,
Berrook 1,49676,Murray,502716.021862555,6135880.95534418,75,7,MODERATE,346,Taylor & Mather 2015,,,,
Branxholme 1,51409,Otway,569719.458242582,5809678.43667042,52,5,POOR,158,Taylor & Mather 2015,,,,
Budgerum West 1,52367,Murray,729140.53214794,6038478.70564668,74,9,POOR,195,Taylor & Mather 2015,,,,
Bundalaguah 8,52742,Gippsland,1027183.13124836,5780146.82884065,77,16,POOR,140,Taylor & Mather 2015,,,,
Bung Bong 1,,Bedrock,727042.967838442,5898752.77700491,77,5,GOOD,505,Taylor & Mather 2015,,,,
Buninyong 1,,Bedrock,760179.768386997,5829141.49196938,108,12,MODERATE,268,Taylor & Mather 2015,,,,
BurnBank 1,,Bedrock,730214.578302242,5872814.60891874,86,8,GOOD,425,Taylor & Mather 2015,,,,
Cameron 2,,Bedrock,748901.223656998,5878549.6099708,64,12,POOR,256,Taylor & Mather 2015,,,,
Carag Carag 37,54455,Murray,846080.320151186,5964845.0450106,80,14,POOR,90,Taylor & Mather 2015,,,,
Caramballuc South 20001,110100,Otway,690119.925774904,5813228.12134609,88,20,POOR,178,Taylor & Mather 2015,,,,
Carisbrook 2,,Bedrock,755800.829656524,5897329.73008861,77,6,MODERATE,306,Taylor & Mather 2015,,,,
Castlemaine gold QHD 002  ,,Bedrock,789540.759248911,5893468.41685309,114,11,GOOD,445,Taylor & Mather 2015,,,,
Cooriejong 1,56801,Otway,690281.663003629,5743312.73920415,77,7,GOOD,290,Taylor & Mather 2015,,,,
Cotswold 1,,Bedrock,754657.264537456,5884059.7772213,79,13,GOOD,307,Taylor & Mather 2015,,,,
Cressy 2,57505,Otway,738417.360495261,5782274.57482698,68,17,POOR,350,Taylor & Mather 2015,,,,
Dahwedarre 15001,58111,Murray,526718.606179409,6009577.7522664,51,11,POOR,269,Taylor & Mather 2015,,,,
Dartmoor X,110745,Otway,523684.036456932,5803311.00608658,58,7,POOR,173,Taylor & Mather 2015,,,,
Denison 50,440058,Gippsland,1016864.06420807,5765349.9632853,53,7,POOR,395,Taylor & Mather 2015,,,,
Denison 53,58935,Gippsland,1017235.12920414,5765889.62104759,68,8,POOR,287,Taylor & Mather 2015,,,,
Denison 57,58937,Gippsland,1013764.69732331,5770323.982614,82,6,POOR,710,Taylor & Mather 2015,,,,
Derby,109928,Murray,764435.556610038,5940165.08709235,58,12,POOR,87,Taylor & Mather 2015,,,,
Diggora 66,60136,Murray,824264.807804968,5968809.28896853,58,9,POOR,132,Taylor & Mather 2015,,,,
Dinyarrak 15010,60475,Murray,506690.960709614,5987326.01433924,57,12,POOR,173,Taylor & Mather 2015,,,,
Dopewora 15006,60623,Murray,530641.9722646,5926570.998846,51,4,POOR,140,Taylor & Mather 2015,,,,
Duchembegarra X,110093,Murray,584290.011980822,5948698.92177407,57,6,POOR,146,Taylor & Mather 2015,,,,
Echuca North 55,61957,Murray,838814.820958742,5993110.25466909,68,17,POOR,162,Taylor & Mather 2015,,,,
Echuca South 24,62038,Murray,841968.564623953,5987276.90746076,77,11,POOR,173,Taylor & Mather 2015,,,,
Ecklin 4,62084,Otway,663119.649836937,5750426.48382142,69,6,GOOD,754,Taylor & Mather 2015,,,,
Elephant 1,,Bedrock,693126.562022444,5794333.72350988,81,7,GOOD,577,Taylor & Mather 2015,,,,
Elingamite 2,62426,Otway,673674.215594376,5747874.34565314,58,4,GOOD,526,Taylor & Mather 2015,,,,
Franklin 1,,Bedrock,780760.763609097,5871276.61617459,76,10,GOOD,300,Taylor & Mather 2015,,,,
Galaquil 15001,63994,Murray,630020.810663156,6018578.69402507,72,11,POOR,104,Taylor & Mather 2015,,,,
GBM Res. MD 12 ,Belltopper  Hill,Bedrock,796175.301308549,5878747.73372833,87,8,MODERATE,799,Taylor & Mather 2015,,,,
Gerang Gerung 15010,64281,Murray,579749.366315413,5973865.09010835,48,11,POOR,143,Taylor & Mather 2015,,,,
Gerangamete 11,64227,Otway,731210.74420797,5737341.15419602,59,5,MODERATE,427,Taylor & Mather 2015,,,,
Goldsmith 1,,Bedrock,707867.76664803,5841112.80773495,101,9,GOOD,310,Taylor & Mather 2015,,,,
Gorae 5,307764,Otway,545966.223593046,5765328.34829489,62,6,MODERATE,693,Taylor & Mather 2015,,,,
Gunamalary 2,66476,Murray,517801.983775693,6091824.03433925,52,7,POOR,440,Taylor & Mather 2015,,,,
Gymbowen 2,66594,Murray,556448.986632051,5934661.04147674,67,5,POOR,193,Taylor & Mather 2015,,,,
Hepburn 1,,Bedrock,763472.643091847,5860427.79057728,93,9,GOOD,272,Taylor & Mather 2015,,,,
Heywood 13,67006,Otway,545818.79210692,5777027.7625354,43,1,MODERATE,540,Taylor & Mather 2015,,,,
Hindmarsh 20020,112179,Murray,587762.823103239,6007570.64608424,59,9,POOR,144,Taylor & Mather 2015,,,,
Homerton 4,310064,Otway,562697.91520166,5777033.78367071,76,7,MODERATE,584,Taylor & Mather 2015,,,,
Jan Juc X,119348,Otway,781451.961898408,5751198.9506103,77,17,POOR,280,Taylor & Mather 2015,,,,
Janiember East 18,67908,Murray,763774.104760061,5974018.77039735,63,9,POOR,67,Taylor & Mather 2015,,,,
Jungkum X,68436,Murray,558296.955592625,5953046.03467231,63,6,MODERATE,182,Taylor & Mather 2015,,,,
Kaniva X,112708,Murray,523230.992488268,5975565.96272673,48,7,POOR,183,Taylor & Mather 2015,,,,
Karadoc 114,69462,Murray,621057.004959775,6192678.04285197,92,5,GOOD,471,Taylor & Mather 2015,,,,
Karngun 3,69499,Otway,753020.693400871,5756692.59726108,55,10,POOR,105,Taylor & Mather 2015,,,,
Katamatite 12,69545,Murray,924896.490158313,6004410.16751573,87,14,POOR,110,Taylor & Mather 2015,,,,
Kenmare X,8002886,Murray,605329.04212453,6026054.95922294,83,14,POOR,120,Taylor & Mather 2015,,,,
Kentbruck 3,69962,Otway,525085.182606061,5780365.90664972,50,5,GOOD,574,Taylor & Mather 2015,,,,
Killara 1,353443,Otway,607131.420825686,5772554.15262137,90,18,POOR,487,Taylor & Mather 2015,,,,
Koo-Wee-Rup East 4,71846,Gippsland,912094.526029661,5764211.01129219,98,24,POOR,159,Taylor & Mather 2015,,,,
Koo-Wee-Rup East 9,71851,Gippsland,903890.987033645,5768227.34233909,91,21,POOR,120,Taylor & Mather 2015,,,,
Koonda 1,71062,Murray,539410.020743944,6112887.96146301,76,6,GOOD,455,Taylor & Mather 2015,,,,
Kooroocheang 1,,Bedrock,765397.547663898,5869148.63966694,90,8,GOOD,310,Taylor & Mather 2015,,,,
Koort-Koort-Nong 20001,112242,Otway,686169.013983814,5781382.6193492,70,16,POOR,209,Taylor & Mather 2015,,,,
Koroit 10,72659,Otway,614619.60001039,5753887.15106548,49,10,POOR,641,Taylor & Mather 2015,,,,
Korrak Korrak 8,73347,Murray,739041.273800402,6048769.0464189,67,12,POOR,157,Taylor & Mather 2015,,,,
Kotupna 6,73402,Murray,868185.916719226,5995387.2499375,58,8,POOR,176,Taylor & Mather 2015,,,,
La Trobe 15002,75069,Otway,694119.347922215,5720426.49271503,44,15,POOR,145,Taylor & Mather 2015,,,,
Lancefield,,Bedrock,835262.926804684,5883369.05332858,77,8,POOR,160,Taylor & Mather 2015,,,,
Lang Lang 193,74309,Gippsland,894975.187697081,5749461.07407265,83,18,POOR,115,Taylor & Mather 2015,,,,
Leishman 2,,Bedrock,753310.371976983,5873009.55194623,93,9,GOOD,311,Taylor & Mather 2015,,,,
Leongatha 24,75404,Gippsland,922994.827295709,5726990.75849325,54,10,POOR,73,Taylor & Mather 2015,,,,
Lillimur 15004,75669,Murray,506728.002645242,5967238.04516318,56,8,POOR,145,Taylor & Mather 2015,,,,
Limestone 1,,Bedrock,778632.342770641,5876204.03316264,89,14,POOR,310,Taylor & Mather 2015,,,,
Liparoo 2,75795,Murray,644971.058957659,6149078.56475011,80,7,POOR,195,Taylor & Mather 2015,,,,
Loy Yang 1675,374749,Gippsland,993469.830218353,5759328.62012547,61,7,POOR,629,Taylor & Mather 2015,,,,
Loy Yang 20002,353595,Gippsland,986647.880214068,5751568.87868018,80,8,POOR,713,Taylor & Mather 2015,,,,
Loy Yang 2390,374946,Gippsland,994763.686928595,5759531.73456062,78,12,POOR,696,Taylor & Mather 2015,,,,
Malanganee 4,76977,Otway,499014.79682232,5809773.50141111,61,5,GOOD,317,Taylor & Mather 2015,,,,
Mallanbool 1,77030,Murray,552069.994641842,6186122.02888564,77,4,MODERATE,433,Taylor & Mather 2015,,,,
Manangatang 3,77115,Murray,663921.49065779,6119379.38988062,71,14,POOR,318,Taylor & Mather 2015,,,,
Mandalay Res. AD006  ,Costerfield,Bedrock,838487.398582705,5910127.59721382,84,5,GOOD,283,Taylor & Mather 2015,,,,
Mandalay Res. MB011, Costerfield,Bedrock,838078.945377579,5911911.22118457,99,3,GOOD,310,Taylor & Mather 2015,,,,
Marong 1,,Bedrock,773072.031920345,5925055.42679977,78,7,GOOD,310,Taylor & Mather 2015,,,,
Maryvale 2390,77436,Gippsland,977682.208908219,5757402.04935772,68,6,POOR,143,Taylor & Mather 2015,,,,
Meerlieu 15001,77945,Gippsland,1052056.51783114,5774806.45928398,61,3,GOOD,713,Taylor & Mather 2015,,,,
Megascolides 1,,Gippsland,927406.731972312,5757256.176541,75,19,POOR,2000,Taylor & Mather 2015,,,,
Mildura 520,79278,Murray,600577.030716633,6217725.00384953,116,10,MODERATE,379,Taylor & Mather 2015,,,,
Moolort 3,,Bedrock,760597.275523289,5889492.03590579,100,11,GOOD,303,Taylor & Mather 2015,,,,
Moortworra X,110162,Murray,677997.980848468,6086461.06831262,68,20,POOR,239,Taylor & Mather 2015,,,,
Mortat X,8003887,Murray,539456.991269568,5936487.05400448,62,7,MODERATE,192,Taylor & Mather 2015,,,,
Mortlake 20001,112826,Otway,659318.858162795,5781340.77841332,73,12,POOR,185,Taylor & Mather 2015,,,,
Mouzie 1,81998,Otway,539566.648595561,5768091.77878158,67,12,POOR,271,Taylor & Mather 2015,,,,
Mundoona 9,82513,Murray,891589.740423459,5993198.90177023,70,11,POOR,159,Taylor & Mather 2015,,,,
Murrabit West 48,82760,Murray,768118.463599865,6066487.75095163,58,6,POOR,118,Taylor & Mather 2015,,,,
Murroon 24,82840,Otway,742070.845901063,5743930.7943137,65,6,POOR,571,Taylor & Mather 2015,,,,
Murroon 25,82841,Otway,742172.301423983,5743933.29468173,60,8,POOR,364,Taylor & Mather 2015,,,,
Naringaningalook 12,83964,Murray,913972.798658862,5999012.02189171,59,9,POOR,117,Taylor & Mather 2015,,,,
Narrawaturk 6,84291,Otway,662115.969296005,5733183.24446912,55,2,GOOD,754,Taylor & Mather 2015,,,,
Navarre Min BR001,Black Range,Bedrock,599774.028140011,5884519.38815256,57,4,MODERATE,257,Taylor & Mather 2015,,,,
Navarre Min BR003 ,Black Range,Bedrock,600017.085745084,5884726.10263235,61,5,MODERATE,178,Taylor & Mather 2015,,,,
Nepean 38,84887,Gippsland,834069.005106108,5743277.92143175,83,3,MODERATE,520,Taylor & Mather 2015,,,,
Nepean Golf Course,S62036-1,Gippsland,839643.079225968,5735114.28051708,92,26,POOR,100,Taylor & Mather 2015,,,,
Ngallo 1,85806,Murray,506304.025782665,6087838.9450849,55,8,POOR,118,Taylor & Mather 2015,,,,
Nirranda 3,85937,Otway,652544.306193957,5740664.75796379,68,6,GOOD,775,Taylor & Mather 2015,,,,
Nirranda 8,85942,Otway,651817.555601794,5735927.18178847,62,8,MODERATE,775,Taylor & Mather 2015,,,,
Olney 7,86774,Murray,497807.970506518,6224197.98393513,55,5,POOR,272,Taylor & Mather 2015,,,,
Ondit 2,86785,Otway,730771.724360395,5778007.55136193,63,12,POOR,176,Taylor & Mather 2015,,,,
Ouyen 15001,86884,Murray,618223.98042875,6117003.03319581,84,13,POOR,224,Taylor & Mather 2015,,,,
Palpara 4,87527,Otway,497417.875489387,5796980.55889226,43,4,POOR,442,Taylor & Mather 2015,,,,
Parupa 7,87762,Otway,670886.035294305,5826729.04513788,73,17,POOR,140,Taylor & Mather 2015,,,,
Pastoria 1,,Bedrock,814904.885057666,5873651.41698433,87,5,POOR,255,Taylor & Mather 2015,,,,
Pental Island 3,87939,Murray,734584.983346149,6083351.9640849,70,11,POOR,84,Taylor & Mather 2015,,,,
Picola 11,88009,Murray,872656.570459736,6012013.87520731,72,9,POOR,217,Taylor & Mather 2015,,,,
Pircarra 20001,112243,Otway,687266.096068761,5785976.33229578,75,16,POOR,143,Taylor & Mather 2015,,,,
Pompapiel 1,88214,Murray,776420.447607722,5964764.79242718,69,11,POOR,96,Taylor & Mather 2015,,,,
Portland 10,88372,Otway,553018.80346171,5751717.61498901,52,3,MODERATE,1200,Taylor & Mather 2015,,,,
Portland 2,88367,Otway,553121.024892805,5757028.84168692,49,7,MODERATE,713,Taylor & Mather 2015,,,,
Portland 8,88370,Otway,552865.787338924,5751426.78078207,56,4,MODERATE,754,Taylor & Mather 2015,,,,
Purrumbete North 11,89048,Otway,699273.381734335,5764027.21083715,100,10,POOR,471,Taylor & Mather 2015,,,,
Purrumbete North 15005,89085,Otway,703121.570127039,5767673.865055,99,20,POOR,349,Taylor & Mather 2015,,,,
Quantong 2,89344,Murray,588419.587548767,5943028.18079586,55,7,MODERATE,151,Taylor & Mather 2015,,,,
Sale 13,90138,Gippsland,1045348.96214933,5763130.9846677,73,3,GOOD,950,Taylor & Mather 2015,,,,
Shepparton 7951,90911,Murray,899893.653229768,5961391.74913103,103,21,POOR,100,Taylor & Mather 2015,,,,
Stewart 1,,Bedrock,757726.237312543,5872354.04535882,51,6,MODERATE,301,Taylor & Mather 2015,,,,
Tandarook 2,93323,Otway,687315.594535154,5753975.36398324,73,10,POOR,407,Taylor & Mather 2015,,,,
Tara Tara BORE 147174,19964,Gippsland,1000542.65879113,5707906.95298893,102,18,POOR,158,Taylor & Mather 2015,,,,
Tarragal 3,93794,Otway,539743.835115128,5754298.4352388,59,5,GOOD,733,Taylor & Mather 2015,,,,
Tarranginnie X,112204,Murray,538350.98683378,5980539.00391367,60,9,POOR,248,Taylor & Mather 2015,,,,
Tarwin Meadows 1,,Gippsland,922698.740731891,5702782.472642,62,16,POOR,1202,Taylor & Mather 2015,,,,
Timboon 20002,353203,Otway,674420.667689768,5739997.42429279,56,4,GOOD,445,Taylor & Mather 2015,,,,
Toltol 2 ,95513,Murray,666479.992394055,6164691.02522357,67,10,POOR,90,Taylor & Mather 2015,,,,
Toolamba West 16,95919,Murray,872026.092660328,5955433.09520233,69,15,POOR,80,Taylor & Mather 2015,,,,
Toongabbie South 36,376243,Gippsland,997678.40394127,5763910.22959967,70,11,POOR,612,Taylor & Mather 2015,,,,
Tragowel 84,96557,Murray,767402.04093826,6030893.04993393,73,11,POOR,152,Taylor & Mather 2015,,,,
Traralgon 286,96560,Gippsland,985417.266339911,5758673.93044592,80,6,POOR,542,Taylor & Mather 2015,,,,
Tynong 1,965823,Bedrock,906671.23375731,5776931.22472014,85,4,GOOD,400,Taylor & Mather 2015,,,,
Ullina 1,,Bedrock,757234.792929429,5866067.48410101,94,9,MODERATE,315,Taylor & Mather 2015,,,,
Ultima X,97603,Murray,705173.047308839,6071348.94946378,86,22,POOR,118,Taylor & Mather 2015,,,,
Waarre 15002,97994,Otway,687720.929878566,5767678.82564161,59,7,POOR,437,Taylor & Mather 2015,,,,
Waarre 15003,97995,Otway,685720.392958939,5720226.60624042,50,9,POOR,328,Taylor & Mather 2015,,,,
Wallowa X,8803862,Murray,507355.018008464,6025508.98341875,51,10,POOR,208,Taylor & Mather 2015,,,,
Wallpolla 1,98305,Murray,564153.984934529,6208274.98285429,64,4,MODERATE,447,Taylor & Mather 2015,,,,
Wangoom 2,99486,Otway,631447.336534976,5751521.51172135,59,12,POOR,756,Taylor & Mather 2015,,,,
Warracbarunah X,111786,Otway,746349.266680946,5771472.8578646,61,8,MODERATE,489,Taylor & Mather 2015,,,,
Warracknabeal 15001,101108,Murray,632700.36690551,5997099.29269922,65,8,MODERATE,234,Taylor & Mather 2015,,,,
Warrain 7,101239,Otway,509744.027933689,5787576.03308682,78,3,GOOD,272,Taylor & Mather 2015,,,,
Warrak 1,101248,Bedrock,687069.81334741,5872528.05132777,60,11,POOR,150,Taylor & Mather 2015,,,,
Watchupga X,110163,Murray,656232.019658815,6041561.01585141,70,17,POOR,162,Taylor & Mather 2015,,,,
Werona  1,,Bedrock,769139.671170153,5872515.3928646,71,9,MODERATE,310,Taylor & Mather 2015,,,,
Wharparilla 17,102828,Murray,829508.447512357,6001579.53779347,70,10,MODERATE,161,Taylor & Mather 2015,,,,
Willah 1,103159,Murray,582470.734811913,6186579.01955733,70,3,GOOD,541,Taylor & Mather 2015,,,,
Wimbirchip,103893,Murray,664581.983428282,6017455.99700587,84,19,POOR,147,Taylor & Mather 2015,,,,
Winiam X,8003884,Murray,566181.987600043,5968210.02593461,61,11,POOR,185,Taylor & Mather 2015,,,,
Winnindoo 46,103583,Gippsland,1002509.23853034,5766867.30804673,59,12,POOR,664,Taylor & Mather 2015,,,,
Wombat 4,,Gippsland,1035550.67301491,5735372.12998112,67,21,POOR,1714,Taylor & Mather 2015,,,,
Woolwoola 25,104800,Murray,530781.004944697,6208357.03230618,73,3,GOOD,527,Taylor & Mather 2015,,,,
Woranga 12,110726,Gippsland,1000957.8292952,5715910.72887804,76,9,POOR,528,Taylor & Mather 2015,,,,
Wyperfeld 15001,105664,Murray,591794.960857922,6055950.02544043,80,12,POOR,85,Taylor & Mather 2015,,,,
Yalca 58,105929,Murray,881609.191348235,6009864.66236699,81,10,POOR,138,Taylor & Mather 2015,,,,
Yallock 11,106103,Gippsland,900311.488739432,5764526.71539442,60,13,POOR,107,Taylor & Mather 2015,,,,
Yangery 1,107007,Otway,619918.34858835,5759710.35242105,58,12,POOR,640,Taylor & Mather 2015,,,,
Youanmite 12,109357,Murray,917530.050691317,5986745.46704867,62,15,POOR,108,Taylor & Mather 2015,,,,
Radium Hill,,Willyama Inliers,453030.161250982,6404030.76825666,75,,UNKNOWN,,Sass et al. 1976,,,,very stable interval below about 160 m with 3 tightly concondarnt estimates
ARD 1,,Otway Basin,497141.066669576,5817610.48417377,69,8,UNKNOWN,,Matthews et al. 2013,,,,
Beachport 1,,Otway Basin,415140.097009918,5854700.6553262,90,5.7,UNKNOWN,,Matthews et al. 2013,,,,somewhat spikey interval below climate effects to 160 m with 2 tightly concordant estimates moderately different to deeper third estimate 
Beachport East 1,,Otway Basin,419273.931797006,5854978.15028996,68,4.5,UNKNOWN,,Matthews et al. 2013,,,,stable interval below about 150 m with 4 concordant estimates
BEN 13,,Otway Basin,459187.945277618,5819053.16107056,60,7.1,UNKNOWN,,Matthews et al. 2013,,,,
Biscuit Flat 1,,Otway Basin,432261.10369795,5855494.11924472,70,3.7,UNKNOWN,,Matthews et al. 2013,,,,stable interval below about 160 m with 3 concordant estimates 
BLA 140,,Otway Basin,480960.948073037,5810885.4005109,52,7.5,UNKNOWN,,Matthews et al. 2013,,,,single estimate from moderately stable interval just below climate effects (?) in fresh bedrock
BLA 175,,Otway Basin,478986.775172312,5810525.54729853,62,6.1,UNKNOWN,,Matthews et al. 2013,,,,probe didn’t penetrate to bedrock and no stable intervals for heat flow analysis in the murray basin
Burrungule 1,,Otway Basin,459466.750396777,5819595.4922506,65,3.3,UNKNOWN,,Matthews et al. 2013,,,,probe didn’t penetrate to bedrock and no stable intervals for heat flow analysis in the murray basin
Caroline 1,,Otway Basin,491924.820580489,5800757.42758791,64,4.2,UNKNOWN,,Matthews et al. 2013,,,,probe didn’t penetrate to bedrock and no stable intervals for heat flow analysis in the murray basin
Compton 1,,Otway Basin,474772.788904078,5817089.47807423,59,5.5,UNKNOWN,,Matthews et al. 2013,,,,apparently stable profile but unlikely to have penetrated below surface effects
GAM 75,,Otway Basin,484709.49618065,5819021.36008522,71,8.9,UNKNOWN,,Matthews et al. 2013,,,,unstable profile unlikely to have penetrated below surface effects
Hatherleigh 1,,Otway Basin,434089.111408324,5851084.1217992,60.5,3.3,UNKNOWN,,Matthews et al. 2013,,,,long moderately stable interval below 240 m allows an averaged heatflow calculation
HIN 104,,Otway Basin,459063.708370423,5834535.63982346,75,8.4,UNKNOWN,,Matthews et al. 2013,,,,single estimate from moderately stable interval just below climate effects (?) in fresh bedrock but geothermal gradient looks unrealistically low in comparion to regional values
Hungerford 1,,Otway Basin,464581.793880856,5855249.58364253,68,4.9,UNKNOWN,,Matthews et al. 2013,,,,
Kalangadoo 1,,Otway Basin,472531.795874491,5841457.45747711,61,4.2,UNKNOWN,,Matthews et al. 2013,,,,
Katnook 2,,Otway Basin,481424.849668989,5855242.83450441,80,3.3,UNKNOWN,,Matthews et al. 2013,,,,
KEN 17,,Otway Basin,439499.333386365,5858442.2363842,61,9.2,UNKNOWN,,Matthews et al. 2013,,,,
Kentgrove 1,,Otway Basin,467058.751834522,5801533.44354599,74,16.3,UNKNOWN,,Matthews et al. 2013,,,,
Lake Bonney 1,,Otway Basin,453647.72517144,5811585.48127777,60,3.3,UNKNOWN,,Matthews et al. 2013,,,,
Lake George 1,,Otway Basin,414835.63786493,5854428.39990818,75,4.1,UNKNOWN,,Matthews et al. 2013,,,,
MAC 57,,Otway Basin,466747.619588377,5801021.97868514,73,8.6,UNKNOWN,,Matthews et al. 2013,,,,
McNamara Park 1,,Otway Basin,466607.562185473,5813084.45534052,58,4.9,UNKNOWN,,Matthews et al. 2013,,,,
McNicol 1,,Otway Basin,486739.689523518,5812902.71549395,63,7.9,UNKNOWN,,Matthews et al. 2013,,,,
MIN 17,,Otway Basin,491715.444277954,5829086.52548229,64,4.2,UNKNOWN,,Matthews et al. 2013,,,,
MIN 22,,Otway Basin,487576.874366728,5821933.01980123,69,6.4,UNKNOWN,,Matthews et al. 2013,,,,
MLG 1,,Otway Basin,498836.383320722,5808682.8443079,73,10.5,UNKNOWN,,Matthews et al. 2013,,,,
MON 19,,Otway Basin,471942.755946588,5862618.33088241,42,6.6,UNKNOWN,,Matthews et al. 2013,,,,
MTM 66,,Otway Basin,442863.468697637,5837139.14282063,70,9.6,UNKNOWN,,Matthews et al. 2013,,,,
PEN 25,,Otway Basin,494523.788297829,5859757.00195913,53,11.3,UNKNOWN,,Matthews et al. 2013,,,,
PLP 1,,Otway Basin,496866.791166134,5795749.91166656,57,8.5,UNKNOWN,,Matthews et al. 2013,,,,
Reedy Creek 1,,Otway Basin,425252.240773697,5869174.89448535,74,3.1,UNKNOWN,,Matthews et al. 2013,,,,
Rendelsham 1,,Otway Basin,432288.968229559,5842562.88131909,66,3.2,UNKNOWN,,Matthews et al. 2013,,,,
SHT 13,,Otway Basin,455913.685826822,5863736.22796307,50,8.3,UNKNOWN,,Matthews et al. 2013,,,,
Trihi 1,,Otway Basin,467162.875561698,5843540.49836603,77,8.6,UNKNOWN,,Matthews et al. 2013,,,,recalculation of historic temp data with new conductivity
Ancalagon 1,,Stansbury,242292.003006485,6278431.00356678,86,4,UNKNOWN,320.8,Matthews 2009,,,,recalculation of historic temp data with new conductivity
Balrog 1,,Arrowie,240071.904783008,6537809.10140931,110,2,UNKNOWN,502,Matthews 2009,,,,
Chloe 1,,Adelaide Fold Belt,306061.142914364,6232733.19515282,75,1,UNKNOWN,334,Matthews 2009,,,,
Edeowie 1,,Arrowie,255505.384146231,6534746.85596698,74,7,UNKNOWN,683,Matthews 2009,,,,
Elisa 1,,Adelaide Fold Belt,283854.435601664,6296210.79398191,47,0.4,UNKNOWN,350,Matthews 2009,,,,
Falkor 1,,Stansbury,246008.256760385,6263582.03269057,57,2,UNKNOWN,474.1,Matthews 2009,,,,
Faramir 1,,Arrowie,207378.684591428,6464256.24116347,67,,UNKNOWN,443,Matthews 2009,,,,
Gandalf 1,,Arrowie,231881.56180353,6533223.93040799,95,2,UNKNOWN,585,Matthews 2009,,,,
Gollum 1,,Arrowie,247130.07394134,6551121.85099993,106,2,UNKNOWN,501,Matthews 2009,,,,
Joshua 1,,Adelaide Fold Belt,299281.808465015,6192375.25681752,67,0.3,UNKNOWN,400,Matthews 2009,,,,
Melkor 1,,Arrowie,227627.470416925,6549188.92940537,115,1.5,UNKNOWN,0,Matthews 2009,,,,
Miriam 1,,Adelaide Fold Belt,281538.930007378,6316837.45527861,61,0.2,UNKNOWN,342,Matthews 2009,,,,
Nazgul 1,,Arrowie,228172.477041753,6558637.81479914,120,1,UNKNOWN,600,Matthews 2009,,,,
Norbert 1,,Stansbury,227013.561275306,6310129.50973668,74,1,UNKNOWN,414.6,Matthews 2009,,,,
Olivia 1,,Adelaide Fold Belt,298036.207585653,6217405.34183545,75,0.6,UNKNOWN,351,Matthews 2009,,,,
Raitaro 1,,Stansbury,242403.004029012,6219679.99528693,75,7.4,UNKNOWN,403,Matthews 2009,,,,
Rinjin 1,,Stansbury,254127.527643986,6198985.62969371,72,1,UNKNOWN,297,Matthews 2009,,,,
Sauron 1,,Arrowie,231048.640564471,6546897.5892849,120,1,UNKNOWN,375,Matthews 2009,,,,
Shelob 1,,Arrowie,208948.762702934,6452885.13818683,61,5,UNKNOWN,321,Matthews 2009,,,,
Smrgol 1,,Stansbury,243097.09099282,6250452.66136036,91,7,UNKNOWN,297.2,Matthews 2009,,,,
Theoden 2,,Arrowie,200949.866406461,6395841.62128175,101,4.1,UNKNOWN,372,Matthews 2009,,,,
Thorin 1,,Arrowie,201235.813243083,6402386.63135767,93,2,UNKNOWN,363,Matthews 2009,,,,
TKHD1A,,Arrowie,202299.398719969,6453462.92812741,96,1.8,UNKNOWN,1002,Matthews 2009,,,,
Torrens 1,,Arrowie,221583.000028127,6488846.00014506,82,,UNKNOWN,770,Matthews 2009,,,,
Treebeard 1A,,Arrowie,235648.06053938,6545421.99966222,91,,UNKNOWN,1807,Matthews 2009,,,,
Uwibami 1,,Stansbury,265451.997370246,6218931.99823713,77,1,UNKNOWN,300,Matthews 2009,,,,
Balnaves 1,,Otway Basin,473859.919452169,5855457.54054601,69,6,UNKNOWN,,Matthews & Beardsmore 2007,,,,
BKR 1,,Mount Lofty Ranges,332233.148966121,6069134.69920454,89,17,UNKNOWN,,Matthews & Beardsmore 2007,,,,
Bool Lagoon 1,,Otway Basin,467468.472194469,5888985.97173978,88,7,UNKNOWN,,Matthews & Beardsmore 2007,,,,
Camelback 1,,Otway Basin,427974.784600409,5893379.53882061,99,9,UNKNOWN,,Matthews & Beardsmore 2007,,,,
CLS 13,,Otway Basin,456784.722764218,5873735.66999124,58,12,UNKNOWN,,Matthews & Beardsmore 2007,,,,
CMM 82,,Otway Basin,490716.228023016,5879298.9491162,65,3,UNKNOWN,,Matthews & Beardsmore 2007,,,,
Crankshaft 1,,Otway Basin,435748.74837548,5876312.66516599,70,6,UNKNOWN,,Matthews & Beardsmore 2007,,,,
CRC 1,,Pathaway Ridge,409109.14819427,6064123.32762608,68,1,UNKNOWN,,Matthews & Beardsmore 2007,,,,
FID 1,,Pathaway Ridge,378709.551931757,6019035.1640688,75,12,UNKNOWN,,Matthews & Beardsmore 2007,,,,
JOA 11,,Otway Basin,482633.102505336,5889370.33701996,58,2,UNKNOWN,,Matthews & Beardsmore 2007,,,,
JOY 19,,Otway Basin,446197.380391227,5898707.51647189,79,4,UNKNOWN,,Matthews & Beardsmore 2007,,,,
KLN 10,,Otway Basin,473941.391856663,5874400.0715707,62,1,UNKNOWN,,Matthews & Beardsmore 2007,,,,
Lucindale 1,,Otway Basin,438709.035406442,5894521.68209416,123,10,UNKNOWN,,Matthews & Beardsmore 2007,,,,
Nunga Mia 1,,Otway Basin,395895.217316921,5888296.71709266,64,5,UNKNOWN,,Matthews & Beardsmore 2007,,,,
PNN 3,,Pathaway Ridge,478018.337305176,6062779.99169011,64,3,UNKNOWN,,Matthews & Beardsmore 2007,,,,
ROB 11,,Otway Basin,466475.041102473,5892405.62745262,98,22,UNKNOWN,,Matthews & Beardsmore 2007,,,,
SHG 6,,Pathaway Ridge,480496.38781866,6037641.41355898,73,3,UNKNOWN,,Matthews & Beardsmore 2007,,,,
SPE 13,,Otway Basin,452960.326521423,5896612.2743315,87,6,UNKNOWN,,Matthews & Beardsmore 2007,,,,
St Clair 1,,Otway Basin,415444.255584268,5864481.40942976,77,6,UNKNOWN,,Matthews & Beardsmore 2007,,,,
STR 130,,Pathaway Ridge,439130.719449461,5997479.44513153,42,2,UNKNOWN,,Matthews & Beardsmore 2007,,,,
TAT 27,,Pathaway Ridge,490804.324620373,5974200.58914407,79,1,UNKNOWN,,Matthews & Beardsmore 2007,,,,
Viewbank 1,,Otway Basin,478652.813408056,5869002.57215698,72,6,UNKNOWN,,Matthews & Beardsmore 2007,,,,
Wanda 1,,Otway Basin,430829.474738549,5912725.73601657,99,8,UNKNOWN,,Matthews & Beardsmore 2007,,,,
WRG 31,,Pathaway Ridge,470844.733326185,5976647.75404633,68,3,UNKNOWN,,Matthews & Beardsmore 2007,,,,
11004,,Boulia,258801.715976999,7491590.52371816,68,4,UNKNOWN,1311,Kirkby & Gerner 2013,,,,
CP018,,Pine Creek,-546410.298156302,8482831.90590591,76,14,UNKNOWN,357.3,Kirkby & Gerner 2013,,,,
HDD131,,Yorke Peninsula,213157.487466718,6173117.90357085,98,10,UNKNOWN,504.9,Kirkby & Gerner 2013,,,,
HDD162,,Yorke Peninsula,213544.172211104,6173688.46580451,90,3,UNKNOWN,748.7,Kirkby & Gerner 2013,,,,
HDD180,,Yorke Peninsula,212693.848864177,6172896.97514075,98,20,UNKNOWN,368.4,Kirkby & Gerner 2013,,,,
K-106C,,Mt Isa,392304.153969675,7671643.34238717,61,5,UNKNOWN,828,Kirkby & Gerner 2013,,,,
VB12_003,,Pine Creek,-463730.872596022,8418142.73076607,72,3,UNKNOWN,513.6,Kirkby & Gerner 2013,,,,
VB12_010,,Pine Creek,-463445.820875848,8419173.50600509,67,3,UNKNOWN,504.9,Kirkby & Gerner 2013,,,,
Broken Hill,,Willyama Inliers,544418.307267103,6465009.9990779,80,,UNKNOWN,,Howard & Sass 1964,,,,
Bendigo St,,Adelaide Fold Belt,357390.270871401,6325497.92001412,64,,UNKNOWN,,Cull 1982,,,,
Bute,,Eastern Gawler Craton,224337.501840571,6248260.64845488,88,,UNKNOWN,,Cull 1982,,,,
Bute,,Eastern Gawler Craton,219907.170940836,6241469.16927141,87,,UNKNOWN,,Cull 1982,,,,
Carrieton,,Adelaide Fold Belt,263371.995034426,6395797.41219327,92,,UNKNOWN,,Cull 1982,,,,
Ediacara,,Adelaide Fold Belt,223860.383680989,6611192.05395299,96,,UNKNOWN,,Cull 1982,,,,
Iron Knob,,Eastern Gawler Craton,137227.670994481,6373124.63655467,109,,UNKNOWN,,Cull 1982,,,,
Kadina,,Eastern Gawler Craton,199703.13258329,6236408.40067996,101,,UNKNOWN,,Cull 1982,,,,
Kanmantoo,,Adelaide Fold Belt,340456.691428374,6116684.62745325,88,,UNKNOWN,,Cull 1982,,,,
Maralinga,,Western Gawler Craton,-407080.284728064,6624768.96295023,54,,UNKNOWN,,Cull 1982,,,,
Mootooroo,,Willyama Inliers,493406.128468515,6431850.9963243,68,,UNKNOWN,,Cull 1982,,,,
Mount Gambier,,South East South Australia,490309.598831107,5821916.71408586,91.8,,UNKNOWN,,Cull 1982,,,,
Mount McTagga,,Adelaide Fold Belt,336771.990718789,6630121.86339609,101,,UNKNOWN,,Cull 1982,,,,
Parabarana Hill,,Mount Painter Province,376517.034467418,6682741.49174867,126,,UNKNOWN,,Cull 1982,,,,
Stockyard,,Adelaide Fold Belt,298668.804466002,6150257.62876993,88,,UNKNOWN,,Cull 1982,,,,
Tarcoola,,Western Gawler Craton,-123623.689169659,6594444.34749039,49,,UNKNOWN,,Cull 1982,,,,
Whyalla,,Eastern Gawler Craton,173590.968560074,6324407.85096678,91,,UNKNOWN,,Cull 1982,,,,
Wokurna,,Eastern Gawler Craton,233125.336792253,6265163.82176769,91,,UNKNOWN,,Cull 1982,,,,
Wudinna,,Western Gawler Craton,-9546.091915917,6337714.2698057,58,,UNKNOWN,,Cull 1982,,,,
